Tarih;Saat;Acilis;Yuksek;Dusuk;Kapanis;Ortalama;Hacim;Lot
03.09.2022;00:00;47.71;50.14;47.60;47.99;48.87;87585480;0
04.09.2022;00:00;47.99;48.00;46.19;46.95;47.09;114686600;0
05.09.2022;00:00;46.52;49.22;46.52;47.89;47.87;159462096;0
06.09.2022;00:00;47.89;48.99;47.22;48.72;48.11;81008624;0
07.09.2022;00:00;48.11;48.60;46.10;46.50;47.35;88178096;0
10.09.2022;00:00;47.20;49.40;45.50;49.03;47.45;136841600;0
11.09.2022;00:00;49.00;51.37;48.55;51.10;49.96;204208304;0
12.09.2022;00:00;51.12;51.54;48.30;49.99;49.92;92538392;0
13.09.2022;00:00;49.68;49.68;44.28;48.14;46.98;63586680;0
14.09.2022;00:00;48.00;48.10;46.40;47.03;47.25;36695500;0
17.09.2022;00:00;47.50;49.25;47.44;48.50;48.34;101163000;0
18.09.2022;00:00;48.80;50.41;43.90;50.00;47.16;164238496;0
19.09.2022;00:00;50.46;50.67;48.58;49.50;49.62;87731536;0
20.09.2022;00:00;49.02;51.10;49.02;50.15;50.06;86437184;0
21.09.2022;00:00;50.57;53.60;50.57;53.01;52.08;148847296;0
24.09.2022;00:00;52.80;54.47;51.10;51.30;52.78;136062800;0
25.09.2022;00:00;51.52;51.54;49.50;50.90;50.52;57510272;0
26.09.2022;00:00;50.80;51.68;49.23;49.67;50.45;46950800;0
29.09.2022;00:00;51.43;53.28;51.11;51.92;52.19;152551104;0
30.09.2022;00:00;52.27;52.80;50.40;52.60;51.60;60522192;0
03.10.2022;00:00;52.17;52.17;49.97;51.20;51.07;71621648;0
04.10.2022;00:00;50.61;52.20;50.04;51.38;51.12;68810152;0
05.10.2022;00:00;51.46;52.00;46.32;48.87;49.16;130425600;0
06.10.2022;00:00;48.22;48.81;46.40;47.71;47.61;58704232;0
07.10.2022;00:00;47.70;48.52;47.11;48.24;47.82;56271632;0
10.10.2022;00:00;48.25;49.94;47.56;49.93;48.75;76013848;0
11.10.2022;00:00;49.92;49.92;48.99;49.43;49.45;56890960;0
12.10.2022;00:00;49.05;49.52;45.50;45.60;47.51;77561584;0
13.10.2022;00:00;47.49;47.99;46.18;47.25;47.09;106745400;0
14.10.2022;00:00;47.35;47.85;46.48;46.58;47.16;51163432;0
17.10.2022;00:00;46.74;50.30;46.64;50.21;48.47;190716096;0
18.10.2022;00:00;50.29;52.00;49.51;51.58;50.75;132111696;0
19.10.2022;00:00;51.92;52.70;49.91;50.30;51.31;109685296;0
20.10.2022;00:00;50.30;50.79;48.90;49.14;49.85;60128460;0
21.10.2022;00:00;49.54;50.00;48.01;49.18;49.00;280957184;0
24.10.2022;00:00;49.66;50.30;47.02;48.45;48.66;158386000;0
25.10.2022;00:00;48.30;49.38;47.75;48.56;48.57;142606400;0
26.10.2022;00:00;48.57;48.99;45.74;46.79;47.37;77796408;0
27.10.2022;00:00;47.39;47.71;46.02;47.30;46.86;74584768;0
28.10.2022;00:00;48.08;48.09;44.12;47.00;46.10;100498304;0
01.11.2022;00:00;48.40;48.92;48.03;48.37;48.47;81692496;0
02.11.2022;00:00;48.48;48.80;47.10;48.46;47.95;77744968;0
03.11.2022;00:00;48.55;48.69;45.13;45.53;46.91;108557800;0
04.11.2022;00:00;45.47;45.99;41.00;41.20;43.50;87536240;0
05.11.2022;00:00;41.00;43.13;38.85;41.77;40.99;106598000;0
08.11.2022;00:00;41.83;42.92;40.96;41.94;41.94;60820660;0
09.11.2022;00:00;41.06;42.01;38.70;39.38;40.35;46188320;0
10.11.2022;00:00;39.38;40.72;37.22;39.05;38.97;61976440;0
11.11.2022;00:00;39.25;39.45;36.50;39.11;37.98;66377768;0
12.11.2022;00:00;39.46;40.12;38.10;38.98;39.11;48702208;0
15.11.2022;00:00;38.90;41.49;38.48;41.16;39.99;35539660;0
16.11.2022;00:00;41.21;42.20;40.71;42.20;41.45;31994220;0
17.11.2022;00:00;42.25;42.34;41.09;41.10;41.72;57108680;0
18.11.2022;00:00;41.12;41.50;40.46;41.15;40.98;24540980;0
19.11.2022;00:00;41.37;41.37;40.27;40.61;40.82;50157608;0
22.11.2022;00:00;40.50;41.47;38.80;38.85;40.14;42875520;0
23.11.2022;00:00;38.89;39.45;38.00;39.03;38.73;87459520;0
24.11.2022;00:00;39.20;39.29;36.75;38.48;38.02;80257216;0
25.11.2022;00:00;38.47;39.10;37.07;38.24;38.08;43216008;0
26.11.2022;00:00;38.59;38.64;36.38;38.10;37.51;35838820;0
29.11.2022;00:00;38.10;38.42;36.74;36.94;37.58;28192340;0
30.11.2022;00:00;37.11;37.35;35.55;35.70;36.45;46599240;0
02.12.2022;00:00;36.16;36.54;34.20;34.34;35.37;24235860;0
03.12.2022;00:00;34.56;36.03;32.05;33.92;34.04;59687900;0
04.12.2022;00:00;33.89;35.48;33.01;35.34;34.24;18462430;0
07.12.2022;00:00;36.09;36.09;32.53;33.75;34.31;22482500;0
08.12.2022;00:00;33.21;33.99;31.20;32.25;32.60;35085620;0
16.12.2022;00:00;32.00;34.99;32.00;34.99;33.50;12732210;0
17.12.2022;00:00;37.20;37.99;33.03;34.17;35.51;35515872;0
18.12.2022;00:00;34.17;35.38;32.50;33.74;33.94;36736700;0
21.12.2022;00:00;33.89;34.99;33.50;34.68;34.25;20075620;0
22.12.2022;00:00;34.78;35.87;34.13;34.90;35.00;30284510;0
23.12.2022;00:00;35.01;35.92;33.39;34.24;34.65;36493832;0
24.12.2022;00:00;34.00;36.99;33.45;36.89;35.22;50029360;0
25.12.2022;00:00;37.01;37.50;35.15;35.26;36.33;45385328;0
28.12.2022;00:00;34.95;35.77;34.34;35.55;35.06;55844808;0
29.12.2022;00:00;35.52;37.00;35.52;36.00;36.26;25889240;0
03.01.2023;00:00;35.34;36.74;35.34;36.54;36.04;45784888;0
04.01.2023;00:00;36.66;36.66;34.80;34.92;35.73;20348250;0
05.01.2023;00:00;34.79;35.16;31.56;33.57;33.36;36242420;0
08.01.2023;00:00;33.58;35.28;33.57;34.79;34.42;37613232;0
09.01.2023;00:00;35.19;35.50;34.60;34.69;35.05;18571560;0
10.01.2023;00:00;34.69;34.99;33.99;34.53;34.49;27323580;0
11.01.2023;00:00;36.02;36.02;34.63;35.66;35.33;67876048;0
12.01.2023;00:00;35.70;35.73;34.55;34.89;35.14;24158120;0
15.01.2023;00:00;34.80;35.33;34.06;34.17;34.70;30272460;0
16.01.2023;00:00;34.31;34.44;32.81;33.37;33.62;26953600;0
17.01.2023;00:00;33.06;33.20;31.60;32.05;32.40;39987408;0
18.01.2023;00:00;32.08;33.59;31.67;33.00;32.63;25437400;0
19.01.2023;00:00;33.10;33.65;31.95;32.00;32.80;36553500;0
22.01.2023;00:00;31.99;32.67;30.76;31.01;31.71;32078870;0
23.01.2023;00:00;31.32;31.60;30.25;30.25;30.93;23668380;0
24.01.2023;00:00;30.09;31.84;30.09;31.68;30.97;36833888;0
25.01.2023;00:00;31.68;31.80;30.91;31.50;31.35;24894300;0
26.01.2023;00:00;31.45;32.47;31.33;32.25;31.90;36296260;0
29.01.2023;00:00;32.32;32.90;31.49;31.86;32.20;29029980;0
30.01.2023;00:00;31.58;31.77;30.01;30.06;30.89;24352140;0
31.01.2023;00:00;29.84;30.38;29.22;30.27;29.80;29931440;0
01.02.2023;00:00;30.24;30.45;29.10;29.10;29.78;30655020;0
02.02.2023;00:00;28.94;29.08;27.35;27.98;28.22;28013040;0
06.02.2023;00:00;28.13;28.80;27.05;28.51;27.92;33059970;0
07.02.2023;00:00;28.59;29.76;28.35;29.60;29.06;34866780;0
08.02.2023;00:00;29.73;30.76;29.43;30.24;30.10;43583260;0
09.02.2023;00:00;30.00;31.21;29.92;30.54;30.56;33103240;0
10.02.2023;00:00;30.89;32.50;30.80;31.02;31.65;64480568;0
13.02.2023;00:00;31.05;33.00;29.60;32.72;31.30;69877928;0
14.02.2023;00:00;32.82;33.60;32.40;32.85;33.00;56912672;0
15.02.2023;00:00;32.88;33.38;29.81;32.56;31.60;50559980;0
16.02.2023;00:00;32.89;32.89;31.86;31.98;32.38;25723070;0
17.02.2023;00:00;31.88;32.12;31.13;31.83;31.62;21944900;0
20.02.2023;00:00;31.83;34.20;31.66;33.71;32.93;89032752;0
21.02.2023;00:00;33.71;33.83;32.50;32.55;33.17;53048860;0
22.02.2023;00:00;32.10;33.76;32.10;33.53;32.93;62266688;0
23.02.2023;00:00;33.69;34.05;32.63;32.76;33.34;20213230;0
27.02.2023;00:00;32.26;33.87;32.26;32.91;33.06;51314912;0
28.02.2023;00:00;33.17;33.17;30.60;30.63;31.88;48928648;0
01.03.2023;00:00;30.21;30.93;29.64;29.82;30.28;23775420;0
02.03.2023;00:00;29.83;29.95;29.09;29.34;29.52;27087090;0
03.03.2023;00:00;29.27;29.58;26.46;27.92;28.02;44235128;0
09.03.2023;00:00;29.00;30.26;28.52;28.81;29.39;86056152;0
10.03.2023;00:00;29.13;29.29;27.12;28.11;28.21;50451832;0
11.03.2023;00:00;27.88;29.08;27.55;27.85;28.31;49441168;0
12.03.2023;00:00;27.86;28.24;27.50;27.72;27.87;41539072;0
15.03.2023;00:00;27.99;28.60;27.00;28.40;27.80;25021040;0
16.03.2023;00:00;28.46;29.44;27.37;27.46;28.41;52212552;0
17.03.2023;00:00;27.39;27.73;26.74;27.32;27.23;25221160;0
18.03.2023;00:00;27.62;29.50;27.15;29.25;28.32;52280728;0
19.03.2023;00:00;29.57;30.00;28.71;29.39;29.35;57240848;0
22.03.2023;00:00;28.07;29.19;26.51;27.50;27.85;41995248;0
23.03.2023;00:00;27.23;28.90;26.60;28.80;27.75;27131510;0
24.03.2023;00:00;28.84;29.75;28.57;29.65;29.16;41936360;0
25.03.2023;00:00;29.80;29.95;28.23;29.10;29.09;43854060;0
29.03.2023;00:00;29.50;29.60;27.95;28.60;28.78;27900500;0
30.03.2023;00:00;29.09;29.30;28.11;29.10;28.70;26410710;0
31.03.2023;00:00;28.89;29.55;28.17;28.35;28.86;26468580;0
01.04.2023;00:00;28.60;28.95;28.11;28.41;28.53;31688280;0
02.04.2023;00:00;28.35;29.39;28.30;29.16;28.84;24206960;0
05.04.2023;00:00;29.39;31.73;29.20;31.45;30.47;57807380;0
06.04.2023;00:00;31.48;32.23;31.00;31.97;31.61;38437672;0
07.04.2023;00:00;31.97;34.20;31.75;33.77;32.98;41361440;0
09.04.2023;00:00;35.49;36.16;34.96;35.87;35.56;58362240;0
10.04.2023;00:00;35.84;37.00;34.70;35.55;35.85;62093080;0
13.04.2023;00:00;35.65;36.50;35.61;36.04;36.06;80811024;0
14.04.2023;00:00;36.19;36.30;35.09;35.88;35.69;62389968;0
15.04.2023;00:00;35.99;37.98;35.99;37.10;36.99;95902016;0
16.04.2023;00:00;37.19;37.19;35.28;36.05;36.23;54006120;0
17.04.2023;00:00;36.18;36.53;35.34;35.66;35.93;39271500;0
20.04.2023;00:00;35.98;37.11;35.66;36.36;36.39;88816944;0
21.04.2023;00:00;36.35;36.98;33.67;34.00;35.32;59316300;0
22.04.2023;00:00;33.97;34.16;32.64;32.99;33.40;50159272;0
23.04.2023;00:00;32.99;33.52;32.61;33.16;33.07;60352288;0
24.04.2023;00:00;33.54;33.62;32.17;32.20;32.89;45583752;0
27.04.2023;00:00;31.92;32.01;29.62;29.96;30.81;75020080;0
28.04.2023;00:00;29.94;30.26;28.60;29.18;29.43;36022600;0
29.04.2023;00:00;29.40;29.76;28.41;28.98;29.09;45745900;0
30.04.2023;00:00;28.97;30.47;28.20;30.32;29.34;65352448;0
01.05.2023;00:00;30.37;31.47;30.37;31.19;30.92;51698000;0
04.05.2023;00:00;31.38;32.29;31.07;31.86;31.68;32154270;0
05.05.2023;00:00;32.65;33.50;32.06;33.29;32.78;42041400;0
13.05.2023;00:00;33.74;35.97;33.53;35.43;34.75;104320896;0
14.05.2023;00:00;35.62;35.95;34.80;35.47;35.38;84723320;0
15.05.2023;00:00;35.52;35.61;34.10;35.34;34.85;109238200;0
16.05.2023;00:00;35.45;35.98;35.04;35.60;35.51;105941400;0
17.05.2023;00:00;35.53;36.16;35.25;35.68;35.70;62843160;0
20.05.2023;00:00;36.04;39.18;35.76;38.90;37.47;233482400;0
21.05.2023;00:00;38.96;39.80;37.51;38.30;38.65;206972000;0
22.05.2023;00:00;38.11;38.38;37.17;37.34;37.77;120670800;0
23.05.2023;00:00;37.30;39.16;37.22;38.58;38.19;251050704;0
24.05.2023;00:00;38.95;39.90;37.95;39.85;38.93;190995200;0
27.05.2023;00:00;40.40;41.41;39.98;40.34;40.69;233834208;0
28.05.2023;00:00;40.34;40.60;36.27;36.65;38.43;248521792;0
29.05.2023;00:00;36.30;37.97;35.68;37.92;36.83;183096192;0
30.05.2023;00:00;38.06;39.50;38.02;39.09;38.76;149731296;0
31.05.2023;00:00;39.00;39.89;38.43;39.12;39.16;144292704;0
03.06.2023;00:00;39.19;42.10;39.19;41.38;40.64;294949888;0
04.06.2023;00:00;41.36;41.36;38.07;38.27;39.72;223032496;0
05.06.2023;00:00;38.39;38.76;37.61;38.64;38.18;82099616;0
06.06.2023;00:00;38.70;39.28;38.09;38.58;38.68;81928600;0
07.06.2023;00:00;38.62;38.99;38.05;38.12;38.52;70866816;0
10.06.2023;00:00;38.28;40.58;38.28;39.50;39.43;71841472;0
12.06.2023;00:00;41.00;41.31;39.42;39.65;40.36;107692400;0
13.06.2023;00:00;39.44;40.02;39.15;39.55;39.59;93777032;0
14.06.2023;00:00;39.55;39.95;38.37;38.92;39.16;97015528;0
15.06.2023;00:00;38.92;39.62;38.43;39.22;39.02;63740272;0
18.06.2023;00:00;39.34;40.40;39.22;40.26;39.81;92023080;0
19.06.2023;00:00;40.50;40.65;39.17;39.20;39.91;60307360;0
20.06.2023;00:00;39.23;39.95;39.00;39.67;39.48;83377104;0
21.06.2023;00:00;39.70;42.00;38.83;39.26;40.42;159806800;0
22.06.2023;00:00;38.95;40.80;38.82;40.76;39.81;92253040;0
25.06.2023;00:00;41.00;42.35;40.71;41.56;41.53;129272000;0
26.06.2023;00:00;41.90;44.13;41.25;43.28;42.69;264888896;0
27.06.2023;00:00;43.28;43.40;40.61;40.61;42.01;161439392;0
28.06.2023;00:00;40.50;41.18;40.42;40.94;40.80;100521400;0
29.06.2023;00:00;41.14;41.20;38.50;38.94;39.85;76385936;0
02.07.2023;00:00;38.70;40.00;38.01;39.80;39.00;82002960;0
03.07.2023;00:00;39.95;40.00;38.55;39.09;39.27;49186720;0
04.07.2023;00:00;39.02;39.76;38.33;38.35;39.05;62026160;0
05.07.2023;00:00;38.35;38.99;36.60;36.72;37.80;74953664;0
06.07.2023;00:00;36.72;38.77;36.09;38.28;37.43;70280864;0
09.07.2023;00:00;38.62;39.12;38.28;38.59;38.70;79225048;0
10.07.2023;00:00;38.62;40.00;37.87;39.68;38.93;71755456;0
12.07.2023;00:00;39.90;40.88;39.42;40.00;40.15;53250168;0
14.07.2023;00:00;41.06;41.10;40.24;40.86;40.67;53065700;0
17.07.2023;00:00;40.92;41.45;40.26;40.34;40.85;111010800;0
18.07.2023;00:00;40.32;40.46;39.46;40.19;39.96;64611208;0
19.07.2023;00:00;40.27;40.80;39.69;39.88;40.24;83935312;0
20.07.2023;00:00;40.01;41.51;39.53;41.45;40.52;104403104;0
21.07.2023;00:00;41.60;41.64;40.19;40.60;40.91;95386656;0
24.07.2023;00:00;40.90;42.10;39.88;39.95;40.99;142130400;0
25.07.2023;00:00;39.95;40.44;39.13;39.63;39.78;69007632;0
26.07.2023;00:00;39.75;40.20;37.97;38.25;39.09;87561832;0
27.07.2023;00:00;38.50;39.55;37.37;39.24;38.46;87353504;0
28.07.2023;00:00;39.60;39.65;38.14;38.44;38.90;64567640;0
31.07.2023;00:00;38.44;38.44;36.00;36.04;37.22;84657216;0
01.08.2023;00:00;36.08;36.76;35.68;36.61;36.22;69819800;0
02.08.2023;00:00;36.72;38.26;36.61;37.92;37.43;92695160;0
03.08.2023;00:00;38.28;39.95;37.64;39.81;38.80;121209600;0
04.08.2023;00:00;39.81;40.47;38.68;39.80;39.58;62774512;0
07.08.2023;00:00;39.86;43.20;39.57;43.09;41.39;143941600;0
08.08.2023;00:00;43.20;43.38;40.54;40.81;41.96;138626096;0
09.08.2023;00:00;41.14;43.00;40.03;40.04;41.51;81559856;0
10.08.2023;00:00;39.72;40.68;39.37;39.62;40.02;73051728;0
11.08.2023;00:00;39.99;41.49;39.45;41.14;40.47;118485600;0
16.08.2023;00:00;42.83;43.18;42.15;42.32;42.67;77941832;0
17.08.2023;00:00;42.40;42.55;41.46;41.75;42.00;72675760;0
18.08.2023;00:00;41.85;43.00;40.00;41.06;41.50;102662400;0
19.08.2023;00:00;40.90;42.20;40.28;41.75;41.24;97685152;0
20.08.2023;00:00;41.55;42.05;40.06;41.85;41.06;56409420;0
23.08.2023;00:00;40.86;41.48;38.60;39.09;40.04;73676304;0
24.08.2023;00:00;39.06;40.87;39.06;40.53;39.97;78211400;0
25.08.2023;00:00;40.31;40.89;38.94;39.41;39.91;53832520;0
26.08.2023;00:00;39.30;40.00;37.52;38.51;38.76;58858740;0
27.08.2023;00:00;38.59;39.62;37.60;38.00;38.61;76521952;0
30.08.2023;00:00;38.00;38.60;36.76;36.99;37.68;58491448;0
31.08.2023;00:00;37.05;38.00;36.76;37.91;37.38;47375912;0
01.09.2023;00:00;36.97;37.49;36.18;36.18;36.84;38243160;0
02.09.2023;00:00;36.20;36.51;35.41;35.98;35.96;57806400;0
03.09.2023;00:00;35.89;35.89;33.75;34.35;34.82;44834740;0
06.09.2023;00:00;34.41;35.82;34.28;35.51;35.05;51729220;0
07.09.2023;00:00;35.60;36.60;35.44;36.46;36.02;34674300;0
08.09.2023;00:00;36.56;37.10;32.81;33.32;34.95;55346552;0
09.09.2023;00:00;33.60;35.34;32.80;34.42;34.07;42419540;0
10.09.2023;00:00;34.62;35.39;33.56;34.82;34.48;106562304;0
13.09.2023;00:00;34.78;35.90;34.51;35.60;35.20;130323904;0
14.09.2023;00:00;35.73;36.05;33.98;34.53;35.01;36397928;0
16.09.2023;00:00;35.50;36.10;34.73;35.85;35.41;39554952;0
17.09.2023;00:00;36.30;36.60;35.33;36.26;35.97;38754480;0
18.09.2023;00:00;36.32;37.15;36.00;37.10;36.58;49414540;0
21.09.2023;00:00;37.40;37.60;36.82;37.20;37.21;54128920;0
22.09.2023;00:00;37.16;37.16;35.92;36.11;36.54;49890928;0
23.09.2023;00:00;36.00;36.24;35.44;35.51;35.84;29351210;0
24.09.2023;00:00;35.51;35.95;35.17;35.57;35.56;39012340;0
25.09.2023;00:00;35.78;37.91;35.20;37.14;36.56;124518704;0
28.09.2023;00:00;37.10;37.49;35.13;35.40;36.31;74532416;0
29.09.2023;00:00;35.31;35.66;34.40;34.86;35.03;31632640;0
30.09.2023;00:00;34.99;35.25;34.34;34.66;34.80;42538020;0
01.10.2023;00:00;34.69;34.98;34.14;34.26;34.56;58834592;0
02.10.2023;00:00;34.34;34.44;33.73;34.03;34.08;41442360;0
05.10.2023;00:00;34.22;35.37;34.10;35.15;34.73;38624272;0
06.10.2023;00:00;35.38;35.87;35.23;35.38;35.55;31858660;0
07.10.2023;00:00;35.57;35.61;34.47;34.69;35.04;32725890;0
08.10.2023;00:00;34.68;34.98;34.13;34.21;34.56;26282470;0
09.10.2023;00:00;34.11;34.40;33.76;34.15;34.08;20192120;0
12.10.2023;00:00;34.03;35.42;33.91;35.27;34.66;33230370;0
13.10.2023;00:00;35.43;35.92;34.64;35.59;35.28;76945184;0
14.10.2023;00:00;35.72;35.80;34.98;35.07;35.39;38413220;0
15.10.2023;00:00;35.10;35.22;33.86;34.01;34.54;38303352;0
18.10.2023;00:00;35.50;35.72;35.02;35.24;35.37;29387950;0
21.10.2023;00:00;35.26;35.60;34.76;35.30;35.18;32715400;0
22.10.2023;00:00;35.69;35.70;35.10;35.29;35.40;26387520;0
23.10.2023;00:00;35.30;35.39;34.13;34.35;34.76;29536260;0
24.10.2023;00:00;34.21;34.35;33.52;34.24;33.93;36281240;0
25.10.2023;00:00;34.40;34.74;33.78;33.89;34.26;28120540;0
28.10.2023;00:00;33.62;34.02;32.46;32.57;33.24;32628300;0
29.10.2023;00:00;32.57;33.09;32.25;32.73;32.67;25311720;0
30.10.2023;00:00;32.98;33.08;31.14;31.27;32.11;29706210;0
31.10.2023;00:00;31.35;31.68;30.89;31.45;31.28;51867940;0
01.11.2023;00:00;31.45;31.72;31.00;31.30;31.36;56710680;0
04.11.2023;00:00;31.34;32.03;30.96;31.07;31.49;61376760;0
05.11.2023;00:00;31.04;31.68;30.07;30.36;30.88;83885056;0
06.11.2023;00:00;30.36;30.53;29.65;29.70;30.09;48678120;0
07.11.2023;00:00;29.79;32.46;29.51;31.73;30.98;114763200;0
08.11.2023;00:00;31.50;31.92;30.04;30.38;30.98;43634712;0
11.11.2023;00:00;30.32;30.32;28.73;28.83;29.52;34185408;0
12.11.2023;00:00;29.05;29.39;28.39;28.55;28.89;42520420;0
13.11.2023;00:00;28.45;29.73;28.41;28.98;29.07;98390520;0
14.11.2023;00:00;28.73;29.68;28.73;29.48;29.20;39395048;0
15.11.2023;00:00;29.50;30.17;29.02;29.74;29.60;26683860;0
20.11.2023;00:00;30.30;31.11;30.19;31.03;30.65;35915380;0
21.11.2023;00:00;31.03;31.03;29.82;29.96;30.43;27539920;0
22.11.2023;00:00;29.71;30.70;29.54;30.64;30.12;21306000;0
23.11.2023;00:00;30.90;31.03;30.15;30.80;30.59;35715820;0
26.11.2023;00:00;30.89;32.59;30.80;32.42;31.69;74808312;0
27.11.2023;00:00;32.55;32.70;31.64;32.41;32.17;32818950;0
28.11.2023;00:00;32.41;33.75;32.11;33.72;32.93;57628880;0
29.11.2023;00:00;33.57;33.90;32.89;33.23;33.40;25736850;0
30.11.2023;00:00;33.37;33.70;31.96;32.78;32.83;36100980;0
03.12.2023;00:00;32.98;33.50;32.43;33.05;32.97;30124460;0
04.12.2023;00:00;33.15;34.45;33.09;34.06;33.77;70315536;0
05.12.2023;00:00;33.94;34.64;33.45;34.51;34.05;42589980;0
06.12.2023;00:00;34.65;34.74;34.01;34.33;34.38;29361130;0
07.12.2023;00:00;34.33;34.74;33.14;33.65;33.94;29754590;0
10.12.2023;00:00;33.55;33.96;33.12;33.27;33.54;34973272;0
11.12.2023;00:00;33.29;34.05;33.02;33.24;33.53;39039780;0
12.12.2023;00:00;33.19;33.58;33.00;33.25;33.29;28169890;0
13.12.2023;00:00;33.36;35.47;33.24;35.42;34.36;95026752;0
14.12.2023;00:00;35.36;35.88;35.13;35.64;35.51;71250512;0
17.12.2023;00:00;35.75;36.67;35.46;35.96;36.06;102793200;0
18.12.2023;00:00;35.96;36.50;35.75;36.03;36.12;57428180;0
19.12.2023;00:00;36.03;36.56;35.51;35.99;36.03;57684408;0
21.12.2023;00:00;37.69;37.77;37.32;37.44;37.55;42309800;0
22.12.2023;00:00;37.54;39.00;37.52;38.11;38.26;121176704;0
25.12.2023;00:00;37.90;38.83;37.65;38.19;38.24;98523008;0
26.12.2023;00:00;38.19;39.26;37.89;38.70;38.57;91446360;0
27.12.2023;00:00;38.65;40.06;38.28;39.77;39.17;73581840;0
28.12.2023;00:00;39.88;40.30;38.96;39.11;39.63;71931552;0
29.12.2023;00:00;39.11;39.20;38.80;39.10;39.00;38274632;0
01.01.2024;00:00;39.18;40.03;39.12;39.66;39.57;58951200;0
02.01.2024;00:00;39.65;40.28;38.20;38.20;39.24;69220872;0
03.01.2024;00:00;38.09;39.10;37.46;38.94;38.28;61416500;0
04.01.2024;00:00;38.93;40.00;38.60;39.78;39.30;68652976;0
05.01.2024;00:00;40.00;41.01;39.64;40.90;40.32;97962304;0
08.01.2024;00:00;41.00;41.85;39.20;39.60;40.52;163004496;0
09.01.2024;00:00;39.72;40.59;39.00;40.11;39.80;67792368;0
10.01.2024;00:00;40.13;40.50;38.75;39.13;39.62;53784808;0
11.01.2024;00:00;39.12;39.41;38.32;38.89;38.86;51675632;0
12.01.2024;00:00;38.93;39.74;38.73;38.97;39.24;93037032;0
15.01.2024;00:00;39.09;39.46;38.10;38.12;38.78;50960000;0
16.01.2024;00:00;38.21;38.78;37.52;38.30;38.15;101137000;0
17.01.2024;00:00;38.18;38.47;37.51;37.89;37.99;54931352;0
18.01.2024;00:00;37.64;38.21;37.31;37.72;37.76;87798224;0
22.01.2024;00:00;39.29;40.18;38.23;38.33;39.20;43529060;0
25.01.2024;00:00;38.43;39.27;38.00;38.60;38.64;57239640;0
26.01.2024;00:00;38.60;39.00;37.83;38.20;38.42;50179660;0
27.01.2024;00:00;38.33;39.50;37.70;38.52;38.60;56272680;0
28.01.2024;00:00;38.79;40.21;38.60;40.21;39.40;64372700;0
29.01.2024;00:00;40.22;41.77;39.36;41.73;40.57;74771360;0
01.02.2024;00:00;42.00;42.84;39.87;39.96;41.35;90813840;0
02.02.2024;00:00;39.90;40.40;39.22;40.30;39.81;76414096;0
03.02.2024;00:00;40.43;40.77;38.34;38.77;39.56;49213700;0
04.02.2024;00:00;38.88;38.91;37.82;38.45;38.36;48345552;0
05.02.2024;00:00;38.15;38.58;37.44;37.57;38.01;25136620;0
08.02.2024;00:00;37.71;37.71;36.06;36.18;36.89;33897820;0
09.02.2024;00:00;36.23;36.47;35.82;36.35;36.15;35316260;0
10.02.2024;00:00;36.36;36.72;35.87;36.01;36.30;24193240;0
11.02.2024;00:00;36.02;36.48;35.26;35.53;35.87;36991272;0
12.02.2024;00:00;35.54;36.46;35.06;35.43;35.76;57060648;0
15.02.2024;00:00;35.33;37.83;35.29;36.02;36.56;101589000;0
16.02.2024;00:00;36.42;36.42;33.75;34.33;35.08;60201460;0
17.02.2024;00:00;34.26;34.79;33.67;34.58;34.23;63271792;0
18.02.2024;00:00;34.33;35.68;34.30;35.07;34.99;76237664;0
19.02.2024;00:00;35.21;35.30;34.03;34.49;34.66;32356540;0
23.02.2024;00:00;36.11;36.55;35.16;35.59;35.85;27798450;0
24.02.2024;00:00;35.55;36.28;35.04;35.70;35.66;42669100;0
25.02.2024;00:00;35.66;35.83;34.87;35.35;35.35;21375670;0
26.02.2024;00:00;35.55;35.97;35.12;35.29;35.55;41460380;0
27.02.2024;00:00;35.62;36.95;34.90;36.71;35.93;48033808;0
01.03.2024;00:00;36.71;37.75;36.60;37.57;37.17;52552300;0
02.03.2024;00:00;37.69;38.93;37.23;38.77;38.08;18399780;0
08.03.2024;00:00;38.00;38.80;37.51;38.15;38.15;41198168;0
09.03.2024;00:00;38.21;38.24;35.81;37.01;37.03;47016160;0
10.03.2024;00:00;37.20;39.70;37.10;38.30;38.40;53570432;0
11.03.2024;00:00;38.44;38.60;36.21;37.10;37.40;35253992;0
12.03.2024;00:00;36.84;38.37;36.31;38.08;37.34;46233780;0
15.03.2024;00:00;38.26;38.96;37.90;38.09;38.43;46535980;0
17.03.2024;00:00;38.09;38.21;37.20;37.68;37.70;50057360;0
18.03.2024;00:00;37.70;39.10;37.64;39.01;38.37;97380016;0
19.03.2024;00:00;39.10;40.09;38.27;38.98;39.18;105189696;0
22.03.2024;00:00;38.95;39.87;38.62;38.93;39.24;81465456;0
23.03.2024;00:00;38.80;39.20;38.00;39.16;38.60;71194352;0
27.03.2024;00:00;40.30;41.73;40.03;41.44;40.88;60805768;0
28.03.2024;00:00;41.54;41.84;40.77;40.99;41.31;42608940;0
31.03.2024;00:00;41.10;41.37;39.41;40.89;40.39;63655512;0
01.04.2024;00:00;40.85;40.85;39.05;39.88;39.95;62510992;0
02.04.2024;00:00;40.04;40.12;39.19;39.35;39.65;34607740;0
03.04.2024;00:00;39.35;40.13;38.78;40.13;39.45;48944088;0
04.04.2024;00:00;39.68;42.11;39.52;41.20;40.82;155493904;0
07.04.2024;00:00;41.37;42.25;40.50;40.50;41.38;139101200;0
08.04.2024;00:00;40.30;40.78;39.52;39.73;40.15;65172960;0
09.04.2024;00:00;39.67;41.90;39.60;41.72;40.75;100059200;0
10.04.2024;00:00;41.75;43.90;41.30;43.76;42.60;140848400;0
11.04.2024;00:00;43.76;45.45;43.31;45.23;44.38;173992896;0
14.04.2024;00:00;45.45;47.42;45.35;47.20;46.38;144479104;0
15.04.2024;00:00;47.05;47.55;45.88;46.38;46.72;181336304;0
16.04.2024;00:00;46.03;46.60;45.62;46.55;46.11;104228496;0
17.04.2024;00:00;46.61;47.97;45.71;47.14;46.84;166080608;0
18.04.2024;00:00;47.16;47.88;46.53;47.74;47.20;98903184;0
21.04.2024;00:00;47.79;48.51;46.80;48.16;47.65;112194000;0
22.04.2024;00:00;48.02;49.09;47.49;48.99;48.29;113340000;0
23.04.2024;00:00;48.75;49.44;47.10;47.25;48.27;101491400;0
24.04.2024;00:00;47.14;47.54;45.53;45.60;46.53;114652096;0
25.04.2024;00:00;45.48;47.62;45.31;47.62;46.47;87152784;0
29.04.2024;00:00;46.41;47.00;45.90;46.53;46.45;56419160;0
30.04.2024;00:00;46.77;47.49;46.20;46.44;46.85;41484552;0
01.05.2024;00:00;46.40;47.74;45.26;47.40;46.50;80495680;0
02.05.2024;00:00;47.40;47.72;46.78;47.07;47.25;81964416;0
03.05.2024;00:00;47.29;47.92;46.40;47.66;47.16;95017696;0
06.05.2024;00:00;47.64;47.84;45.20;45.58;46.52;87401600;0
07.05.2024;00:00;45.50;47.73;45.50;46.52;46.61;103837800;0
08.05.2024;00:00;46.32;49.05;46.25;48.82;47.65;98448144;0
09.05.2024;00:00;48.85;49.50;47.94;49.20;48.72;100856600;0
10.05.2024;00:00;48.00;48.00;45.24;45.57;46.62;183322000;0
16.05.2024;00:00;45.50;45.69;44.40;44.46;45.05;59965580;0
17.05.2024;00:00;44.48;45.43;44.19;44.53;44.81;74703992;0
20.05.2024;00:00;44.30;44.61;43.34;44.13;43.98;62265340;0
21.05.2024;00:00;44.19;45.51;44.19;45.02;44.85;91748992;0
22.05.2024;00:00;45.19;45.81;44.11;44.64;44.96;163805504;0
23.05.2024;00:00;44.88;45.06;44.08;44.90;44.57;80284360;0
24.05.2024;00:00;44.90;45.56;43.61;43.83;44.59;50345328;0
29.05.2024;00:00;45.75;45.90;42.05;43.25;43.98;56100072;0
30.05.2024;00:00;43.26;44.10;42.81;43.85;43.45;37592048;0
31.05.2024;00:00;44.00;44.19;43.36;43.98;43.77;37437248;0
01.06.2024;00:00;44.08;44.66;43.56;44.38;44.11;51703368;0
02.06.2024;00:00;44.42;45.06;44.14;44.73;44.60;53844740;0
05.06.2024;00:00;44.67;45.14;44.04;44.05;44.59;78523968;0
06.06.2024;00:00;44.05;44.16;43.39;43.69;43.77;31204040;0
07.06.2024;00:00;43.75;44.46;42.80;43.85;43.63;59394448;0
08.06.2024;00:00;44.19;44.40;43.72;44.25;44.06;33047940;0
09.06.2024;00:00;44.03;44.90;43.58;44.33;44.24;39399200;0
13.06.2024;00:00;44.16;45.64;44.14;45.60;44.89;80379312;0
14.06.2024;00:00;45.37;46.05;45.00;45.88;45.52;78408760;0
15.06.2024;00:00;46.24;46.80;44.53;44.53;45.66;95922416;0
16.06.2024;00:00;44.47;44.67;43.38;43.74;44.02;60995740;0
19.06.2024;00:00;43.95;44.44;43.43;43.56;43.93;50869752;0
20.06.2024;00:00;43.39;43.86;43.03;43.38;43.44;58996880;0
21.06.2024;00:00;43.44;43.91;42.88;42.95;43.40;56688152;0
22.06.2024;00:00;42.97;43.72;42.40;43.10;43.06;66202440;0
23.06.2024;00:00;43.50;44.25;43.01;43.86;43.63;79715184;0
26.06.2024;00:00;43.75;44.20;42.58;43.71;43.39;120898704;0
27.06.2024;00:00;43.87;43.87;42.50;42.80;43.18;82677904;0
28.06.2024;00:00;42.70;42.70;40.94;41.04;41.82;69341992;0
30.06.2024;00:00;42.89;43.54;42.77;43.30;43.16;49870420;0
01.07.2024;00:00;43.00;43.00;41.40;41.50;42.20;59097820;0
04.07.2024;00:00;40.89;40.89;37.43;38.03;39.16;104176600;0
05.07.2024;00:00;38.52;39.43;38.23;38.33;38.83;58801088;0
06.07.2024;00:00;38.69;40.63;37.92;40.47;39.27;127533104;0
07.07.2024;00:00;40.32;41.16;39.59;39.65;40.38;66907940;0
08.07.2024;00:00;39.69;40.22;39.08;39.11;39.65;53735380;0
11.07.2024;00:00;39.25;39.80;38.73;38.98;39.26;67734592;0
12.07.2024;00:00;38.95;39.30;37.66;38.12;38.48;41205728;0
13.07.2024;00:00;37.99;38.50;36.86;36.87;37.68;44036400;0
14.07.2024;00:00;36.85;37.77;36.06;37.77;36.92;54812240;0
15.07.2024;00:00;37.80;38.33;37.01;37.29;37.67;47115672;0
18.07.2024;00:00;37.29;37.99;36.82;37.99;37.41;50686832;0
19.07.2024;00:00;38.00;38.59;37.61;37.91;38.10;40769280;0
20.07.2024;00:00;37.80;38.34;37.22;37.81;37.78;36534088;0
21.07.2024;00:00;37.62;40.02;37.62;39.60;38.82;113924800;0
22.07.2024;00:00;39.84;39.85;38.14;38.25;38.99;51939192;0
25.07.2024;00:00;38.38;39.17;37.52;37.85;38.34;79696544;0
26.07.2024;00:00;37.51;37.74;36.70;37.68;37.22;73820088;0
27.07.2024;00:00;37.38;38.10;36.90;36.93;37.50;52285260;0
28.07.2024;00:00;37.19;37.87;36.58;37.23;37.23;35408300;0
02.08.2024;00:00;38.80;41.39;38.76;41.26;40.07;71540720;0
03.08.2024;00:00;41.55;41.88;40.90;41.15;41.39;109986096;0
04.08.2024;00:00;41.15;41.15;39.82;40.25;40.49;58922660;0
05.08.2024;00:00;40.29;40.44;39.53;39.57;39.98;29862870;0
06.08.2024;00:00;39.49;39.53;38.30;38.60;38.91;57948920;0
09.08.2024;00:00;38.70;39.17;38.48;38.60;38.82;45208980;0
10.08.2024;00:00;38.55;39.00;37.87;38.93;38.43;49395720;0
11.08.2024;00:00;39.04;39.08;36.60;36.85;37.84;43020968;0
12.08.2024;00:00;37.00;38.10;36.11;37.66;37.10;46385848;0
13.08.2024;00:00;37.79;38.08;37.31;37.78;37.70;30931540;0
16.08.2024;00:00;37.81;38.48;37.14;37.58;37.81;51363432;0
17.08.2024;00:00;37.65;38.30;37.35;38.15;37.82;47044660;0
18.08.2024;00:00;38.10;38.28;37.04;37.53;37.66;38810320;0
19.08.2024;00:00;37.60;38.28;37.60;38.21;37.94;64860380;0
20.08.2024;00:00;38.37;38.60;37.71;37.96;38.15;37287380;0
23.08.2024;00:00;38.00;38.93;37.53;38.87;38.23;65854720;0
24.08.2024;00:00;38.80;39.45;38.70;39.17;39.08;38985340;0
25.08.2024;00:00;39.17;40.03;38.54;38.86;39.28;68989208;0
26.08.2024;00:00;38.90;40.14;38.87;39.64;39.50;68881280;0
27.08.2024;00:00;39.65;39.73;38.62;39.48;39.17;108331104;0
30.08.2024;00:00;39.40;39.63;37.73;38.16;38.68;54062488;0
02.09.2024;00:00;39.69;39.93;37.30;38.32;38.61;44283880;0
03.09.2024;00:00;38.34;38.44;36.31;36.72;37.38;24321350;0
04.09.2024;00:00;37.25;37.25;35.77;36.22;36.51;59951900;0
05.09.2024;00:00;35.89;36.80;35.00;36.23;35.90;32746830;0
08.09.2024;00:00;36.29;36.95;35.82;36.13;36.39;57921540;0
09.09.2024;00:00;36.34;36.34;34.80;35.70;35.57;54954840;0
10.09.2024;00:00;35.67;36.33;35.12;36.28;35.73;40604880;0
11.09.2024;00:00;36.31;36.90;35.04;35.40;35.97;48899648;0
12.09.2024;00:00;35.30;36.57;35.11;35.75;35.84;45289300;0
15.09.2024;00:00;35.96;35.96;33.98;34.39;34.97;52247920;0
16.09.2024;00:00;34.31;35.05;34.29;34.89;34.67;30545840;0
17.09.2024;00:00;34.88;35.39;34.47;34.90;34.93;40403760;0
18.09.2024;00:00;34.75;35.44;34.23;35.24;34.83;22675550;0
19.09.2024;00:00;35.00;35.84;33.03;34.21;34.43;52161128;0
22.09.2024;00:00;34.21;34.31;32.99;33.34;33.65;20600860;0
23.09.2024;00:00;33.02;34.38;32.99;33.88;33.69;46431448;0
24.09.2024;00:00;34.00;34.41;32.79;33.50;33.60;55770120;0
25.09.2024;00:00;33.74;34.76;33.30;33.95;34.03;55431440;0
26.09.2024;00:00;33.99;34.52;33.37;34.23;33.94;36545072;0
29.09.2024;00:00;34.22;34.82;34.22;34.65;34.52;14050170;0
01.10.2024;00:00;34.75;34.87;34.35;34.49;34.61;48624500;0
02.10.2024;00:00;34.49;34.49;32.84;32.99;33.67;29228940;0
04.10.2024;00:00;34.18;34.18;33.20;33.38;33.69;31047920;0
07.10.2024;00:00;33.40;33.90;33.01;33.21;33.45;27115120;0
08.10.2024;00:00;33.15;33.56;32.40;33.32;32.98;29151960;0
09.10.2024;00:00;33.48;34.46;32.71;34.17;33.58;50609700;0
10.10.2024;00:00;34.00;34.00;32.78;33.35;33.39;60153640;0
11.10.2024;00:00;33.44;34.05;33.20;33.92;33.62;39959952;0
14.10.2024;00:00;33.96;34.87;33.93;34.56;34.40;34020180;0
15.10.2024;00:00;34.31;34.58;33.70;34.22;34.14;24728870;0
16.10.2024;00:00;34.22;34.47;33.08;34.13;33.78;30831650;0
17.10.2024;00:00;34.13;34.30;32.81;33.74;33.56;58817520;0
18.10.2024;00:00;34.00;34.56;33.46;33.99;34.01;50375340;0
21.10.2024;00:00;34.02;34.68;33.30;34.27;33.99;32748210;0
22.10.2024;00:00;34.09;34.80;33.47;34.25;34.14;36286580;0
23.10.2024;00:00;34.37;34.44;32.80;32.99;33.62;44277480;0
24.10.2024;00:00;32.88;34.07;32.60;33.91;33.33;39154848;0
25.10.2024;00:00;33.97;35.10;33.62;35.04;34.36;32629500;0
28.10.2024;00:00;35.23;35.64;34.93;35.28;35.28;28689430;0
29.10.2024;00:00;35.28;35.28;34.22;34.82;34.75;31656050;0
30.10.2024;00:00;35.11;35.40;33.79;34.31;34.60;64837608;0
31.10.2024;00:00;34.48;35.20;34.34;34.90;34.77;53000080;0
01.11.2024;00:00;34.85;36.16;34.23;35.08;35.19;33857768;0
06.11.2024;00:00;36.55;37.38;35.71;36.83;36.55;91138304;0
07.11.2024;00:00;36.72;37.59;36.61;37.34;37.10;55089020;0
08.11.2024;00:00;37.34;37.67;36.85;37.00;37.26;24121610;0
09.11.2024;00:00;36.95;37.41;36.66;36.85;37.03;38581472;0
10.11.2024;00:00;36.86;37.80;36.80;37.50;37.30;30909420;0
13.11.2024;00:00;37.53;38.34;37.53;37.87;37.93;28246660;0
14.11.2024;00:00;37.99;38.05;36.22;37.00;37.14;60547860;0
15.11.2024;00:00;36.95;37.39;36.25;36.78;36.82;41026568;0
16.11.2024;00:00;36.70;36.97;36.02;36.07;36.50;24837790;0
17.11.2024;00:00;36.02;37.60;35.45;37.55;36.52;53852640;0
20.11.2024;00:00;37.57;37.84;36.55;36.59;37.19;48976120;0
21.11.2024;00:00;36.65;36.80;36.06;36.43;36.43;31080700;0
22.11.2024;00:00;36.60;37.46;36.06;36.90;36.76;41570552;0
23.11.2024;00:00;36.79;37.29;36.31;36.96;36.80;50145340;0
24.11.2024;00:00;36.96;36.96;35.84;36.00;36.40;31572850;0
27.11.2024;00:00;35.85;36.17;35.00;35.61;35.58;23262000;0
28.11.2024;00:00;35.54;37.00;35.15;36.84;36.08;45823860;0
29.11.2024;00:00;36.92;38.21;36.51;37.35;37.36;45469120;0
30.11.2024;00:00;37.23;38.38;37.01;38.30;37.69;43110580;0
01.12.2024;00:00;38.28;39.24;38.11;38.66;38.68;36940780;0
04.12.2024;00:00;38.78;39.57;38.66;38.88;39.11;71002544;0
05.12.2024;00:00;38.77;39.98;38.05;39.30;39.01;53603760;0
08.12.2024;00:00;40.60;40.86;39.32;40.71;40.09;45408560;0
09.12.2024;00:00;40.99;42.42;40.81;42.15;41.61;60332952;0
12.12.2024;00:00;42.13;42.69;41.77;42.08;42.23;70719328;0
13.12.2024;00:00;42.11;42.78;41.92;42.09;42.35;65087800;0
14.12.2024;00:00;42.10;42.24;41.40;41.50;41.82;51164340;0
15.12.2024;00:00;41.50;42.29;41.37;42.13;41.83;50394040;0
16.12.2024;00:00;42.13;43.00;41.50;41.75;42.25;75996000;0
19.12.2024;00:00;41.75;41.83;39.93;40.44;40.88;86169600;0
20.12.2024;00:00;40.46;41.36;39.86;40.44;40.61;47572032;0
21.12.2024;00:00;40.56;40.56;39.30;40.26;39.93;42990928;0
22.12.2024;00:00;40.30;41.55;40.00;41.49;40.77;49331500;0
23.12.2024;00:00;41.50;41.50;40.22;41.11;40.86;44983088;0
26.12.2024;00:00;41.19;41.67;40.51;40.91;41.09;28879640;0
27.12.2024;00:00;40.58;41.36;40.11;40.16;40.74;34544200;0
28.12.2024;00:00;40.28;42.29;40.11;42.22;41.20;46888180;0
29.12.2024;00:00;42.25;42.96;41.78;42.30;42.37;36746440;0
30.12.2024;00:00;42.48;42.96;41.81;42.87;42.39;39822752;0
02.01.2025;00:00;42.85;43.11;41.39;41.76;42.25;52800700;0
03.01.2025;00:00;41.64;42.61;41.23;41.47;41.92;32584600;0
04.01.2025;00:00;41.48;42.26;40.90;40.92;41.58;28882640;0
05.01.2025;00:00;41.04;41.35;40.58;40.76;40.97;50190880;0
06.01.2025;00:00;41.00;41.36;40.37;40.90;40.86;44484328;0
10.01.2025;00:00;42.38;42.39;40.02;40.14;41.20;48182640;0
11.01.2025;00:00;40.27;40.52;39.71;40.12;40.11;27698040;0
12.01.2025;00:00;40.00;40.31;38.96;39.78;39.64;30647710;0
13.01.2025;00:00;39.77;40.14;39.48;39.93;39.81;33568300;0
14.01.2025;00:00;40.04;40.85;39.05;40.64;39.95;50544680;0
17.01.2025;00:00;40.72;41.25;40.27;40.83;40.76;85868328;0
18.01.2025;00:00;40.72;41.20;39.72;40.12;40.46;67445888;0
19.01.2025;00:00;40.12;40.22;38.58;38.64;39.40;52955752;0
20.01.2025;00:00;38.99;39.01;38.02;38.56;38.51;52533200;0
21.01.2025;00:00;38.49;38.70;37.52;37.94;38.11;47513900;0
24.01.2025;00:00;38.04;38.75;37.61;37.64;38.18;29699420;0
25.01.2025;00:00;37.61;38.65;37.35;38.12;38.00;31652020;0
26.01.2025;00:00;38.12;38.72;37.15;37.23;37.94;41094688;0
27.01.2025;00:00;37.12;37.98;36.98;37.45;37.48;22995310;0
28.01.2025;00:00;37.51;37.72;35.70;35.88;36.71;51293472;0
31.01.2025;00:00;36.02;37.09;35.88;36.48;36.49;34083200;0
01.02.2025;00:00;36.42;36.43;35.34;35.38;35.89;30235720;0
02.02.2025;00:00;35.38;35.93;34.71;35.47;35.32;24009800;0
03.02.2025;00:00;35.34;35.96;34.94;35.82;35.45;60526872;0
04.02.2025;00:00;35.12;36.16;34.84;35.20;35.50;45314232;0
11.02.2025;00:00;36.40;38.00;36.33;37.45;37.17;49273120;0
12.02.2025;00:00;37.40;37.40;34.88;35.12;36.14;109510304;0
13.02.2025;00:00;35.16;35.43;34.67;35.33;35.05;81784240;0
14.02.2025;00:00;35.38;36.01;35.09;35.88;35.55;83834328;0
15.02.2025;00:00;35.99;37.14;35.88;36.79;36.51;116154496;0
18.02.2025;00:00;36.79;37.09;36.21;36.55;36.65;69834200;0
19.02.2025;00:00;36.36;37.25;35.85;36.84;36.55;107922600;0
20.02.2025;00:00;36.96;37.50;36.65;37.06;37.08;115922600;0
21.02.2025;00:00;37.11;38.01;36.88;37.80;37.44;145673296;0
22.02.2025;00:00;37.91;38.60;37.33;37.83;37.97;105912000;0
25.02.2025;00:00;37.83;38.45;37.55;37.85;38.00;85827664;0
26.02.2025;00:00;37.83;37.90;36.91;37.12;37.41;86390400;0
27.02.2025;00:00;36.00;36.00;33.45;33.59;34.73;91993808;0
28.02.2025;00:00;33.60;34.90;32.04;34.47;33.47;104916400;0
01.03.2025;00:00;34.36;34.60;31.03;31.46;32.81;109658400;0
04.03.2025;00:00;30.03;34.60;29.96;31.85;32.28;69676816;0
05.03.2025;00:00;31.90;34.27;31.72;33.95;32.99;75099120;0
06.03.2025;00:00;33.55;34.10;32.77;34.04;33.43;42934560;0
07.03.2025;00:00;33.88;34.46;33.69;33.75;34.07;44542288;0
08.03.2025;00:00;33.56;35.64;32.68;34.93;34.16;60216300;0
14.03.2025;00:00;36.73;36.95;35.52;35.65;36.24;47833432;0
15.03.2025;00:00;35.71;36.13;34.33;34.69;35.23;36145140;0
16.03.2025;00:00;34.62;34.90;33.88;33.89;34.39;19619100;0
19.03.2025;00:00;34.00;35.05;32.54;34.86;33.80;70639040;0
20.03.2025;00:00;35.21;35.57;34.46;35.10;35.01;32377340;0
21.03.2025;00:00;34.77;35.24;33.41;34.22;34.33;33987420;0
22.03.2025;00:00;35.00;35.58;34.06;34.23;34.82;44554500;0
23.03.2025;00:00;34.34;34.42;33.18;33.75;33.80;41107272;0
26.03.2025;00:00;33.92;34.64;33.51;33.76;34.07;40278820;0
27.03.2025;00:00;33.81;34.13;33.05;33.75;33.59;39398152;0
28.03.2025;00:00;33.64;33.64;32.41;32.74;33.02;25490960;0
29.03.2025;00:00;32.58;33.92;32.40;33.59;33.16;53362240;0
30.03.2025;00:00;33.75;34.00;32.68;33.31;33.34;37767720;0
02.04.2025;00:00;33.32;33.64;32.69;32.84;33.16;32872120;0
03.04.2025;00:00;32.99;33.04;32.02;32.39;32.53;42589352;0
05.04.2025;00:00;32.40;32.60;31.95;32.55;32.27;30393180;0
06.04.2025;00:00;32.55;33.33;32.50;32.93;32.92;40947420;0
09.04.2025;00:00;32.84;33.39;31.91;32.08;32.65;32347790;0
10.04.2025;00:00;32.00;32.68;31.58;32.51;32.13;67399584;0
11.04.2025;00:00;32.39;32.86;30.80;31.00;31.83;57377540;0
15.04.2025;00:00;32.43;32.85;32.05;32.71;32.45;42253380;0
18.04.2025;00:00;32.67;32.82;31.60;31.94;32.21;24050790;0
19.04.2025;00:00;31.98;32.34;31.68;32.30;32.01;20160670;0
20.04.2025;00:00;32.38;33.02;31.40;31.65;32.21;60638060;0
21.04.2025;00:00;31.70;32.23;31.36;32.06;31.80;29015640;0
22.04.2025;00:00;32.07;33.03;31.65;32.93;32.34;33058860;0
25.04.2025;00:00;33.08;34.40;33.01;34.31;33.70;70935840;0
26.04.2025;00:00;34.70;35.80;34.58;35.09;35.19;80750816;0
27.04.2025;00:00;34.99;35.74;34.30;34.94;35.02;44351840;0
28.04.2025;00:00;35.02;35.02;33.12;33.16;34.07;62309488;0
29.04.2025;00:00;33.20;34.99;33.00;34.90;34.00;51977112;0
03.05.2025;00:00;34.90;35.35;34.10;34.90;34.72;57702720;0
04.05.2025;00:00;34.79;34.99;33.51;33.75;34.25;61199360;0
05.05.2025;00:00;33.52;34.00;33.21;33.99;33.60;30249160;0
06.05.2025;00:00;33.87;33.99;33.18;33.25;33.59;19008280;0
09.05.2025;00:00;33.35;33.65;33.11;33.64;33.38;16030840;0
10.05.2025;00:00;33.52;33.79;32.65;32.89;33.22;44688808;0
11.05.2025;00:00;32.72;33.03;32.23;32.75;32.63;45544580;0
12.05.2025;00:00;32.74;34.00;32.50;33.56;33.25;73679208;0
13.05.2025;00:00;33.99;33.99;32.21;32.39;33.10;36320340;0
17.05.2025;00:00;33.19;33.19;32.24;33.00;32.72;25503980;0
18.05.2025;00:00;33.09;33.92;32.73;33.76;33.32;39869020;0
19.05.2025;00:00;33.81;34.12;33.49;33.97;33.81;24705810;0
20.05.2025;00:00;33.87;34.03;33.45;33.97;33.74;11227260;0
25.05.2025;00:00;34.10;34.98;34.07;34.93;34.52;43373400;0
26.05.2025;00:00;34.90;34.97;34.24;34.53;34.61;34335472;0
27.05.2025;00:00;34.20;34.34;32.70;32.95;33.52;51489740;0
28.05.2025;00:00;32.40;34.09;30.38;33.69;32.23;136302704;0
31.05.2025;00:00;33.70;34.09;33.03;33.76;33.56;48106952;0
01.06.2025;00:00;33.79;34.47;33.13;33.59;33.80;36591120;0
02.06.2025;00:00;33.50;33.50;32.45;32.70;32.98;56739400;0
03.06.2025;00:00;32.70;32.87;31.93;32.08;32.40;31901640;0
04.06.2025;00:00;32.20;32.90;32.09;32.32;32.50;23429390;0
07.06.2025;00:00;32.37;32.40;31.72;32.01;32.06;23799380;0
08.06.2025;00:00;32.30;33.17;32.30;32.92;32.73;44717848;0
09.06.2025;00:00;32.89;33.09;32.43;32.54;32.76;25990140;0
10.06.2025;00:00;32.36;32.60;31.80;31.99;32.20;37649632;0
11.06.2025;00:00;32.00;32.89;31.58;32.65;32.23;85813904;0
14.06.2025;00:00;32.50;33.70;32.44;33.50;33.07;55807500;0
17.06.2025;00:00;34.67;34.81;34.00;34.57;34.41;43991672;0
18.06.2025;00:00;34.60;35.11;34.03;34.26;34.57;57018980;0
19.06.2025;00:00;34.30;35.28;34.30;34.72;34.79;47837820;0
20.06.2025;00:00;34.61;35.18;34.35;35.09;34.76;29687750;0
23.06.2025;00:00;34.80;34.80;33.38;33.53;34.09;42094920;0
24.06.2025;00:00;33.60;34.03;32.94;33.67;33.48;36249960;0
25.06.2025;00:00;33.68;35.39;33.57;35.07;34.48;74407696;0
26.06.2025;00:00;35.13;35.86;34.92;34.99;35.39;64121912;0
27.06.2025;00:00;35.09;35.82;34.68;35.39;35.25;39158848;0
30.06.2025;00:00;35.39;35.61;34.43;34.48;35.02;27886620;0
02.07.2025;00:00;34.49;36.24;34.22;35.70;35.23;122110800;0
03.07.2025;00:00;35.68;36.98;35.43;36.97;36.20;83469568;0
04.07.2025;00:00;37.00;37.20;36.66;36.89;36.93;54069200;0
07.07.2025;00:00;37.09;37.68;36.75;37.05;37.22;57273880;0
08.07.2025;00:00;37.06;37.47;36.65;37.05;37.06;86477424;0
09.07.2025;00:00;37.15;37.72;36.52;37.29;37.12;77068752;0
10.07.2025;00:00;37.39;38.69;37.13;37.93;37.91;108301504;0
11.07.2025;00:00;37.93;38.52;37.50;38.21;38.01;44213440;0
14.07.2025;00:00;38.50;39.45;37.63;37.89;38.54;113498304;0
15.07.2025;00:00;38.00;39.30;37.61;39.00;38.45;65561632;0
16.07.2025;00:00;38.91;40.43;38.75;39.67;39.59;137766592;0
17.07.2025;00:00;39.28;40.68;39.25;39.76;39.97;79637120;0
19.07.2025;00:00;40.30;41.98;40.30;41.94;41.14;144382032;0
22.07.2025;00:00;42.03;42.66;41.98;42.40;42.32;180365888;0
23.07.2025;00:00;42.31;43.25;42.31;43.05;42.78;153326416;0
24.07.2025;00:00;43.08;43.64;42.40;43.62;43.02;155289184;0
25.07.2025;00:00;43.48;43.95;43.09;43.23;43.52;143837376;0
26.07.2025;00:00;43.33;43.33;41.77;42.60;42.55;238201872;0
29.07.2025;00:00;42.53;42.83;42.08;42.38;42.46;75806208;0
30.07.2025;00:00;42.17;43.13;41.97;42.56;42.55;163488096;0
31.07.2025;00:00;42.67;42.78;42.25;42.51;42.51;40573208;0
01.08.2025;00:00;42.43;43.50;42.14;42.26;42.82;110598000;0
02.08.2025;00:00;42.00;43.55;42.00;43.14;42.77;183355504;0
05.08.2025;00:00;43.37;44.13;42.90;43.79;43.52;211283696;0
06.08.2025;00:00;43.80;43.94;43.06;43.39;43.50;181683600;0
07.08.2025;00:00;43.02;43.43;42.78;42.79;43.10;116839696;0
08.08.2025;00:00;42.74;43.20;42.02;42.31;42.61;225768560;0
09.08.2025;00:00;42.31;42.49;41.68;42.22;42.09;112464976;0
12.08.2025;00:00;42.45;42.68;41.79;41.92;42.24;146973120;0
13.08.2025;00:00;41.91;41.99;40.86;40.96;41.43;73658448;0
14.08.2025;00:00;40.96;41.26;40.05;40.07;40.65;122102680;0
15.08.2025;00:00;40.10;40.34;38.94;39.08;39.64;123384800;0
16.08.2025;00:00;39.34;39.43;38.53;38.87;38.98;105640928;0
20.08.2025;00:00;40.20;40.98;39.80;40.36;40.39;176730208;0
21.08.2025;00:00;40.50;40.67;37.37;38.18;39.02;113491872;0
22.08.2025;00:00;38.48;38.50;37.48;37.78;37.99;90127184;0
23.08.2025;00:00;38.09;38.98;37.48;37.78;38.23;328147456;0
24.08.2025;00:00;37.82;38.16;36.87;37.22;37.51;156053152;0
27.08.2025;00:00;36.51;37.00;36.10;36.39;36.55;72897944;0
28.08.2025;00:00;36.61;37.09;36.16;36.45;36.62;61229344;0
29.08.2025;00:00;36.85;37.28;36.50;37.01;36.89;60968428;0
30.08.2025;00:00;37.29;37.67;36.63;36.94;37.15;90213712;0
31.08.2025;00:00;37.09;38.04;36.76;38.02;37.40;76042912;0
03.09.2025;00:00;38.15;39.50;37.39;39.08;38.44;132275888;0
04.09.2025;00:00;39.30;39.94;39.01;39.66;39.47;105385432;0
05.09.2025;00:00;39.50;39.91;38.98;39.05;39.44;70349632;0
06.09.2025;00:00;39.08;39.67;38.40;38.45;39.03;83439360;0
07.09.2025;00:00;38.44;39.36;38.25;39.23;38.81;59504448;0
10.09.2025;00:00;40.11;40.35;39.23;39.30;39.79;55758900;0
11.09.2025;00:00;38.76;39.79;38.76;38.95;39.27;49177600;0
12.09.2025;00:00;39.01;40.76;38.13;40.29;39.44;93968600;0
13.09.2025;00:00;40.29;40.52;39.06;39.49;39.79;117268576;0
14.09.2025;00:00;38.93;39.89;37.61;37.93;38.75;79753872;0
17.09.2025;00:00;37.39;37.40;35.85;36.08;36.62;99736704;0
18.09.2025;00:00;36.00;38.42;36.00;38.42;37.21;174847632;0
21.09.2025;00:00;38.61;40.13;38.40;39.79;39.27;108087960;0
22.09.2025;00:00;39.79;40.56;39.02;40.45;39.79;80059216;0
23.09.2025;00:00;40.22;40.86;38.20;38.30;39.53;54513936;0
26.09.2025;00:00;38.21;38.78;37.35;37.50;38.06;54678100;0
27.09.2025;00:00;37.32;41.16;37.32;41.16;39.24;247049376;0
28.09.2025;00:00;41.16;41.80;39.32;39.78;40.56;177973216;0
29.09.2025;00:00;39.61;42.35;39.61;42.09;40.98;229584864;0
30.09.2025;00:00;42.20;45.22;41.79;44.93;43.51;458769792;0
03.10.2025;00:00;44.15;47.00;44.15;45.65;45.58;426201952;0
04.10.2025;00:00;45.90;46.19;44.85;45.31;45.52;243844720;0
05.10.2025;00:00;45.25;48.95;45.01;48.72;46.98;374021792;0
06.10.2025;00:00;48.76;50.77;47.69;49.27;49.23;505172640;0
07.10.2025;00:00;49.00;50.86;47.95;48.97;49.41;564626944;0
10.10.2025;00:00;49.13;50.52;46.48;49.58;48.50;626227584;0
11.10.2025;00:00;49.50;50.47;47.98;48.75;49.23;358346944;0
12.10.2025;00:00;48.45;50.29;48.04;48.70;49.17;360799936;0
13.10.2025;00:00;48.70;50.03;48.10;48.40;49.06;303241856;0
14.10.2025;00:00;48.40;49.35;47.74;48.20;48.55;288489888;0
17.10.2025;00:00;48.20;49.06;47.76;48.11;48.41;247391648;0
18.10.2025;00:00;48.24;49.15;48.05;48.83;48.60;90467344;0
20.10.2025;00:00;49.29;51.03;49.08;49.35;50.06;455198304;0
21.10.2025;00:00;49.61;52.49;49.00;51.71;50.75;199223040;0
25.10.2025;00:00;53.90;57.08;52.81;56.11;54.95;637321216;0
26.10.2025;00:00;56.05;58.97;55.71;58.78;57.34;743011072;0
27.10.2025;00:00;58.65;59.11;56.97;57.40;58.04;466198912;0
28.10.2025;00:00;57.40;58.32;57.25;57.69;57.78;199282880;0
29.10.2025;00:00;57.69;59.14;55.83;57.48;57.49;423805536;0
01.11.2025;00:00;57.50;58.03;55.78;55.90;56.90;278554560;0
02.11.2025;00:00;55.95;55.95;52.00;52.74;53.98;398407360;0
03.11.2025;00:00;52.80;53.78;51.78;52.86;52.78;332732384;0
04.11.2025;00:00;52.90;54.78;52.10;54.21;53.44;264919984;0
05.11.2025;00:00;54.20;54.52;50.22;51.29;52.37;288473792;0
08.11.2025;00:00;51.50;52.75;50.64;51.50;51.69;325167104;0
09.11.2025;00:00;51.30;53.07;50.89;52.64;51.98;167443584;0
10.11.2025;00:00;52.60;54.36;52.39;53.99;53.38;358149792;0
11.11.2025;00:00;54.24;55.67;53.74;54.48;54.70;329377088;0
12.11.2025;00:00;54.55;54.99;53.30;53.77;54.15;276319680;0
15.11.2025;00:00;53.21;54.45;52.31;52.35;53.38;213634208;0
16.11.2025;00:00;52.98;53.34;51.20;51.36;52.27;259202624;0
17.11.2025;00:00;51.59;51.84;50.93;51.14;51.39;120390800;0
18.11.2025;00:00;51.38;52.99;50.93;52.84;51.96;267901472;0
19.11.2025;00:00;53.19;54.06;52.23;52.38;53.15;231017440;0
24.11.2025;00:00;54.60;57.51;52.83;57.41;55.17;319462560;0
25.11.2025;00:00;57.72;63.14;57.16;63.00;60.15;607545984;0
26.11.2025;00:00;63.32;64.46;61.88;62.34;63.17;593374976;0
27.11.2025;00:00;62.25;65.61;61.97;63.99;63.79;803737984;0
28.11.2025;00:00;63.97;65.05;61.77;63.81;63.41;478402880;0
01.12.2025;00:00;63.99;64.50;62.79;63.07;63.65;259930656;0
02.12.2025;00:00;63.15;64.39;61.79;63.85;63.09;314687008;0
03.12.2025;00:00;64.29;65.14;62.50;62.62;63.82;274722048;0
04.12.2025;00:00;62.36;63.60;62.23;63.37;62.91;173067648;0
05.12.2025;00:00;63.22;63.79;61.65;62.06;62.72;218949200;0
08.12.2025;00:00;62.07;62.55;59.91;61.71;61.23;209173328;0
09.12.2025;00:00;61.70;62.67;61.50;61.78;62.08;221955472;0
10.12.2025;00:00;62.09;63.17;60.52;60.69;61.84;263907200;0
11.12.2025;00:00;60.63;63.43;60.06;62.80;61.75;345019648;0
12.12.2025;00:00;62.81;63.25;60.21;60.24;61.73;299744736;0
15.12.2025;00:00;60.99;62.33;60.10;61.65;61.22;273909888;0
16.12.2025;00:00;61.65;63.43;61.32;63.11;62.38;332084768;0
17.12.2025;00:00;63.09;67.65;63.00;65.40;65.33;838912064;0
18.12.2025;00:00;66.07;66.87;64.49;64.67;65.68;228308352;0
19.12.2025;00:00;64.40;68.98;64.04;68.31;66.51;497118272;0
22.12.2025;00:00;68.21;70.36;66.81;67.00;68.58;513751136;0
23.12.2025;00:00;66.49;70.00;65.25;69.45;67.62;909667200;0
24.12.2025;00:00;69.45;72.00;68.12;71.71;70.06;394137184;0
27.12.2025;00:00;73.20;73.69;70.66;70.80;72.18;424121216;0
30.12.2025;00:00;70.80;71.25;69.05;69.40;70.15;344060576;0
31.12.2025;00:00;69.47;70.74;69.17;70.00;69.95;194772576;0
01.01.2026;00:00;70.22;71.50;69.54;71.12;70.52;254022208;0
02.01.2026;00:00;71.12;71.28;68.91;70.25;70.10;216433120;0
03.01.2026;00:00;70.40;70.99;67.97;68.02;69.48;194626432;0
06.01.2026;00:00;67.90;70.36;67.03;69.74;68.69;344756544;0
07.01.2026;00:00;70.03;70.78;68.92;69.43;69.85;276861984;0
08.01.2026;00:00;69.43;70.43;68.35;68.46;69.39;410532192;0
09.01.2026;00:00;67.20;70.28;67.20;69.43;68.74;287262816;0
10.01.2026;00:00;69.80;70.57;69.30;69.99;69.94;235396928;0
13.01.2026;00:00;69.99;71.36;68.15;69.80;69.76;429874432;0
14.01.2026;00:00;69.67;69.89;68.21;68.29;69.05;132676648;0
15.01.2026;00:00;68.39;71.62;67.55;71.44;69.59;369831296;0
16.01.2026;00:00;71.83;72.47;70.15;70.79;71.31;245851888;0
17.01.2026;00:00;71.00;71.28;69.60;69.88;70.44;180967680;0
20.01.2026;00:00;69.88;70.60;68.94;69.85;69.77;258541216;0
21.01.2026;00:00;69.71;72.07;69.71;71.58;70.89;378376096;0
22.01.2026;00:00;71.89;74.63;71.27;74.00;72.95;899311744;0
23.01.2026;00:00;73.61;75.10;72.89;73.55;73.99;443796864;0
24.01.2026;00:00;72.51;75.13;72.51;73.64;73.82;247903472;0
28.01.2026;00:00;75.13;76.65;72.11;74.49;74.38;361905792;0
29.01.2026;00:00;75.00;76.44;74.55;75.31;75.50;188364432;0
30.01.2026;00:00;76.14;77.71;75.48;75.75;76.60;321707424;0
31.01.2026;00:00;75.40;75.80;71.00;71.95;73.40;236770704;0
01.02.2026;00:00;72.10;72.30;67.75;69.00;70.03;283963680;0
04.02.2026;00:00;68.90;71.20;68.90;69.90;70.05;246663440;0
05.02.2026;00:00;69.96;71.33;69.07;70.28;70.20;221516576;0
06.02.2026;00:00;70.31;71.50;69.43;70.80;70.47;200650608;0
07.02.2026;00:00;71.00;74.04;70.58;73.59;72.31;266802384;0
08.02.2026;00:00;73.68;74.08;71.87;72.85;72.98;163769280;0
11.02.2026;00:00;72.41;74.25;71.84;72.27;73.04;225194304;0
12.02.2026;00:00;72.13;73.25;71.56;72.22;72.40;217000832;0
13.02.2026;00:00;72.20;73.75;71.38;71.50;72.56;249221968;0
14.02.2026;00:00;71.60;71.83;68.20;68.54;70.01;258286352;0
15.02.2026;00:00;68.54;71.78;68.50;71.15;70.14;250818784;0
18.02.2026;00:00;71.09;72.90;70.00;70.05;71.45;291832416;0
19.02.2026;00:00;69.81;70.73;68.96;70.00;69.85;237897792;0
20.02.2026;00:00;70.20;70.72;68.34;69.02;69.53;212688960;0
21.02.2026;00:00;69.03;70.66;68.80;69.55;69.73;278053056;0
22.02.2026;00:00;69.60;72.22;65.72;67.15;68.97;469299904;0
01.03.2026;00:00;67.02;71.15;64.47;68.12;67.81;391849088;0
02.03.2026;00:00;68.99;70.17;66.70;66.87;68.43;417921408;0
03.03.2026;00:00;66.50;69.58;65.30;68.00;67.44;326334912;0
04.03.2026;00:00;68.45;70.34;68.45;68.90;69.39;203379696;0
05.03.2026;00:00;68.92;71.29;67.87;70.18;69.58;443679904;0
08.03.2026;00:00;70.18;70.46;66.90;68.63;68.68;300609216;0
09.03.2026;00:00;68.80;73.26;68.80;72.92;71.03;447864800;0
10.03.2026;00:00;73.60;74.62;72.19;73.23;73.41;240619504;0
11.03.2026;00:00;72.61;79.88;72.42;79.81;76.15;671828480;0
12.03.2026;00:00;80.50;81.35;78.20;78.40;79.77;419598592;0
15.03.2026;00:00;77.61;79.40;75.73;77.57;77.57;304108704;0
16.03.2026;00:00;77.61;80.17;76.93;79.99;78.55;242272000;0
17.03.2026;00:00;79.99;81.87;78.18;78.37;80.03;268662016;0
18.03.2026;00:00;78.32;79.36;77.10;78.39;78.23;97169680;0
22.03.2026;00:00;75.48;78.39;74.79;76.03;76.59;320983392;0
23.03.2026;00:00;76.44;77.40;74.95;75.15;76.17;143837696;0
24.03.2026;00:00;75.70;78.42;75.59;76.54;77.00;280486784;0
25.03.2026;00:00;76.52;76.87;74.32;74.90;75.60;225742592;0
26.03.2026;00:00;75.20;75.49;71.70;71.72;73.59;264133600;0
29.03.2026;00:00;72.05;79.06;70.65;79.06;74.85;487413696;0
30.03.2026;00:00;78.99;79.78;75.24;76.42;77.51;372265216;0
01.04.2026;00:00;80.00;83.82;79.73;81.20;81.78;521673984;0
02.04.2026;00:00;80.00;81.88;79.61;80.78;80.74;218986096;0
03.04.2026;00:00;81.67;81.80;79.65;80.10;80.73;170010000;0
06.04.2026;00:00;80.10;83.22;79.84;82.46;81.53;348982208;0
07.04.2026;00:00;82.86;83.08;80.50;80.69;81.79;216209408;0
08.04.2026;00:00;82.10;85.28;82.10;83.81;83.69;402059584;0
09.04.2026;00:00;83.81;84.34;82.30;82.99;83.32;169346400;0
10.04.2026;00:00;83.23;83.69;81.00;82.81;82.35;258737104;0
